,As,Vs,b,Sigmas_init,Sigmas,Cs,sens,ds
0,1.0,[[[0.]]],0.0,0.01000001,0.006863486172075728,1,15.909059686906945,[0]
